arm,seed,acc,train_loss,tl_min,tl_final,tl_min_epoch,spikes,max_jump,overfit
r,s0,78.28400255371093,2.2894200096623254,1.0523964270497814,1.159302724356001,169,0,0.011859228488248608,0.10690629730621959
r,s1,78.0400025,2.1917466472189586,1.04429343579845,1.2059361564390587,169,0,0.013345240173527007,0.1616427206406088
r,s2,77.91200233398438,2.1952257830506334,1.05088979875048,1.1964064004520576,169,0,0.011922361185917385,0.14551660170157765
p,s0,80.17400244140624,2.4807916532915373,0.9685322016929135,0.9704300151629881,249,1,0.7451617668549986,0.0018978134700745608
p,s1,80.14400268554688,2.44913734203109,0.9767588124130712,0.9823034173159888,239,2,2.066671898015417,0.005544604902917638
p,s2,79.95800248046875,2.476236165083276,0.9788285046815872,0.9845954264429483,274,3,1.258274469858943,0.005766921761361066
ftbrho,s0,80.02800237304687,2.2849212462942186,0.9531466536449663,1.0389655881533117,184,0,0.010648814818033703,0.08581893450834543
ftbrho,s1,79.48000241210937,2.2600126828496845,0.9633943395632686,1.072423743366292,184,0,0.012737331338799951,0.1090294038030234
ftbrho,s2,79.5500021875,2.2687530839242616,0.9738046630765452,1.0646775813039504,169,0,0.012701249824693672,0.09087291822740517
ftbcomp11,s0,80.73800254882812,2.5890148429749296,0.9075646612680319,0.9087627225301482,274,2,2.142432924479437,0.0011980612621163012
ftbcomp11,s1,80.4240025390625,2.5904260586039762,0.9204851007371238,0.9224945358706244,284,3,1.4484759213116307,0.0020094351335006033
ftbcomp11,s2,80.72600262695312,2.570783741843815,0.9061300249939616,0.9067000965728904,284,2,1.765755926497663,0.0005700715789288546
ftbcomp1,s0,80.18600233398438,2.3498616881358125,0.9603820603453752,1.005481143566695,179,0,0.011318477969139096,0.045099083221319836
ftbcomp1,s1,79.73400244140625,2.3515325903128357,0.9634759194697394,1.0110574939259978,199,1,0.9231085261473293,0.047581574456258324
ftbcomp1,s2,80.0180028125,2.3541793203435075,0.9545017474076964,1.0079589343883775,204,0,0.011085758057351569,0.053457186980681026
ftbqm,s0,78.09400259765626,2.234832998806945,1.0237812714820558,1.1681019877168266,164,0,0.009815258200829735,0.14432071623477083
ftbqm,s1,78.29400266601563,2.252652037041023,1.026462975437894,1.1515888992809888,159,0,0.012426646438260303,0.12512592384309484
ftbqm,s2,78.08800259277344,2.2521465590390832,1.016664877985463,1.1572964206112153,169,0,0.011957010731865392,0.14063154262575228
ftbqm1dpar,s0,77.98600249023437,2.2253726239507206,1.028002001796708,1.1756448305465959,144,0,0.01214150875472475,0.14764282874988788
ftbqm1dpar,s1,78.55800276367188,2.2430087344912,1.0150046349700652,1.1493062502281233,154,0,0.012977482177889854,0.13430161525805806
ftbqm1dpar,s2,78.51800234375,2.291566889661436,1.014567995726159,1.1078389117663556,179,0,0.012174924704222434,0.09327091604019655
ftbqm1d,s0,78.36200239746094,2.267820878348385,1.0115503041130123,1.137069828469645,179,0,0.014039545893095973,0.12551952435663272
ftbqm1d,s1,78.56800256835938,2.2662155211735993,1.011864779686386,1.1206634031100706,139,0,0.010705863125622272,0.10879862342368463
ftbqm1d,s2,78.57200251953125,2.2560311382015548,1.0166464381371483,1.132453012647051,159,0,0.011559482998190429,0.11580657450990262
ftbqm1dv,s0,79.0820025830078,2.3158828761452477,1.0027221121797056,1.0751930347672014,194,0,0.010941465635998515,0.07247092258749577
ftbqm1dv,s1,79.56600266601562,2.3353935804886694,0.9830689228168039,1.044958863294486,219,0,0.012878650894914134,0.06188994047768204
ftbqm1dv,s2,79.7860025,2.3238940155850005,0.9838695336471904,1.0433192226019772,209,0,0.01189321150573397,0.05944968895478675
ftbqm1dqk,s0,78.48800231933593,2.256408251523494,1.008739278623552,1.1428533533983158,149,0,0.009792575493264177,0.13411407477476378
ftbqm1dqk,s1,78.82200241210937,2.2897113372858326,1.0070798007602042,1.0979143337092616,184,0,0.010989046763055565,0.09083453294905741
ftbqm1dqk,s2,78.66000250488281,2.269647831825587,1.0179448508177742,1.1231431676582857,149,0,0.015212548896670341,0.10519831684051151
ftbqm1dvo,s0,79.1620023828125,2.311393201709367,0.9892668445227724,1.0798721873398982,189,0,0.010462449839673038,0.09060534281712584
ftbqm1dvo,s1,79.42200268554687,2.331901104631237,0.9882652470559785,1.0503973490135237,214,0,0.009797056623471967,0.06213210195754515
ftbqm1dvo,s2,79.73400264648437,2.3219246331912777,0.977515863085335,1.0337594377272057,204,0,0.009209196692189447,0.056243574641870686
ftbqmln,s0,78.684002734375,2.2998325975062563,1.022894230078567,1.1094834937742262,194,0,0.011046635261617421,0.08658926369565911
ftbqmln,s1,78.76000247558594,2.301193081929038,1.0134466013899355,1.0959432103642912,194,0,0.012268374841182705,0.08249660897435573
ftbqmln,s2,79.13200250976563,2.2883585991505058,1.0103276751258157,1.0862800565858681,179,0,0.010457481878499042,0.07595238146005245
ftbqmbias,s0,77.95200243652344,2.2491247759391673,1.0376159771148004,1.1671397039158777,159,0,0.1581496865225911,0.12952372680107738
ftbqmbias,s1,78.15800259277344,2.242206469572221,1.0319424475910086,1.1512384634803643,169,0,0.0107505884475243,0.11929601588935568
ftbqmbias,s2,78.28400284667968,2.2443128710803695,1.020774991561969,1.1555653264125187,164,0,0.1672229027996459,0.1347903348505497
ftb4o,s0,77.27400250488282,2.2283000255552814,1.077460313949621,1.2269281574496718,164,0,0.011474352556829714,0.1494678435000507
ftbnorm,s0,77.90200263183594,2.2622118072990234,1.040197503611897,1.159889861264012,174,0,0.010479874395502797,0.11969235765211517
ftbnorm,s1,78.47800249023437,2.2502790860091455,1.0112717816549721,1.1346600318722653,159,0,0.011872527177613001,0.12338825021729316
ftbnorm,s2,78.45000244628906,2.2590696216584782,1.0232583870264618,1.134100025124622,169,0,0.15260434528000832,0.11084163809816028
ftb4e3,s0,80.248002421875,2.573415509962405,0.9433449717859427,0.9450451994709896,274,0,0.009012289524364725,0.0017002276850469622
ftb4e3,s1,80.17600254882812,2.5873903563747613,0.9442462327353882,0.9467992842423193,284,0,0.01730823976536966,0.002553051506931081
ftb4e3,s2,80.05000237304688,2.5895069326656177,0.961598230582295,0.9651373647379152,279,0,0.011972842809672812,0.0035391341556202383
ftb3i,s0,79.96600248046875,2.6185598442068274,0.9401405843144114,0.9416662783107974,284,4,2.9011147396686745,0.0015256939963860239
ftb3i,s1,80.35400249023438,2.549932195805013,0.9512428076881351,0.9545375810879649,254,4,2.8750874408496876,0.0032947733998298645
ftb3i,s2,79.64000254882812,2.709249149578122,0.9519855231046677,0.9555448572518248,279,4,2.351293051448197,0.003559334147157145
ftb11i,s0,78.85800259277343,2.271810361566261,0.9885461331542694,1.1046129354473315,179,0,0.05913311455589865,0.1160668022930621
ftb11i,s1,78.91200235351563,2.284594912392398,1.002903581342914,1.0951894696689013,184,1,0.5495246957318911,0.09228588832598739
ftb11i,s2,78.57400256347657,2.2657748128000934,0.9965495476216981,1.120289464452953,169,0,0.0115922269268105,0.12373991683125496
ftb11is,s0,78.05600247070312,2.224115870654201,1.040686956409252,1.1830471095939477,159,0,0.010232578772000789,0.14236015318469564
ftb11is,s1,77.47800263671876,2.2233502217568457,1.059509101464893,1.208611357618462,169,0,0.014215610766162623,0.1491022561535691
ftb11is,s2,77.89600229492187,2.222102384811315,1.0452780275408067,1.2025313775873545,169,0,0.011661779147405849,0.15725335004654784
ftb1i,s0,80.50000267578125,2.5796380926831026,0.9299233649490457,0.9299233649490457,299,3,2.6858567093284087,0.0
ftb1i,s1,80.25400239257813,2.5496443456205995,0.9488471399879816,0.9498224617405371,254,2,0.7751652699393725,0.0009753217525554359
ftb1i,s2,80.36400264160156,2.5586227653906324,0.9474257388801286,0.94818960209236,294,2,1.5773117787753925,0.0007638632122314304
ftb7i,s0,80.28800258789063,2.495647539098102,0.9557440146578081,0.9622323069382798,269,1,0.7664740651559376,0.0064882922804716525
ftb7i,s1,79.61400251953125,2.4776210378115184,0.9792829125442288,0.9919775272860671,249,2,1.2996834146384248,0.012694614741838306
ftb7i,s2,79.7580025732422,2.5025699153327596,0.971904859285463,0.982503522300359,254,2,2.0408290905686908,0.010598663014895982
ftb8i,s0,79.7040025830078,2.4165348417531605,0.9791666321230658,1.011105598260959,204,1,0.5826506171948633,0.031938966137893154
ftb8i,s1,79.29000251464844,2.3900659356433422,1.0023760083272601,1.0435225225307725,204,1,0.8242915694912272,0.04114651420351234
ftb8i,s2,79.73200254394531,2.403705184252407,0.9788777305547035,1.012397839038661,214,0,0.013407930576552651,0.03352010848395748
ftbclip01,s0,78.32000264648437,2.310326097962948,1.036564908244393,1.1449112250949398,149,0,0.010210118913211108,0.10834631685054674
ftbclip01,s1,77.96600247558594,2.1910080399531395,1.043171539112474,1.2146193363675566,154,0,0.011449467247495182,0.17144779725508252
ftbclip01,s2,76.98400252441407,2.1846413816898487,1.0947495031763206,1.266624591228637,134,0,0.014362979107178209,0.17187508805231633
a1,s0,79.860002578125,2.2756936638377225,0.955986526427847,1.0496377133284553,184,0,0.009856985081942327,0.09365118690060836
a1,s1,80.00000250976562,2.271144955478704,0.9433270425281741,1.0524032639734673,184,0,0.016417458534049523,0.10907622144529316
a1,s2,80.13800254882813,2.330067071108482,0.9576712459551565,1.0090742156361088,209,0,0.012995323452811736,0.05140296968095226
a2,s0,76.89800260253907,2.273389183020649,1.0810728365498963,1.2357667122374882,149,0,0.013971239746285669,0.15469387568759196
a2,s1,78.19600258300781,2.3196276133426297,1.0754415301436728,1.1571372771127657,149,0,0.01232843362511371,0.08169574696909288
a2,s2,77.01600253417969,2.269610463701284,1.0798479911278596,1.2384901815517382,154,0,0.012868899207275852,0.15864219042387862
ftb4jd,s0,80.062002578125,2.6426074238231356,0.9413351679615902,0.9418323280459101,284,3,2.885045145590527,0.0004971600843198809
ftb4jd,s1,80.14000244628906,2.6283425014609327,0.9383709679047266,0.9405731249487761,294,6,0.9454560962577276,0.0022021570440494687
ftb4jd,s2,80.12200240234375,2.6494819576947544,0.9420467043916384,0.943666425731146,274,4,0.6720282419178734,0.001619721339507607
ftbcomp25,s0,80.24400238769532,2.484457750995763,0.9612938105834253,0.9673650972545147,249,4,2.226371419592164,0.00607128667108936
ftbcomp25,s1,80.02200245117187,2.498578602376466,0.9681542603807016,0.9762171426731528,249,3,1.8593435725435992,0.008062882292451223
ftbcomp25,s2,80.20400264648437,2.490423895752965,0.9567133205180819,0.9596906831544457,274,3,0.9710638973957448,0.002977362636363834
ftbclip1,s0,77.62200258789062,2.2748396710659833,1.0605025194359547,1.2045518997492213,149,0,0.031262262831800225,0.14404938031326653
ftbclip1,s1,77.90600239257813,2.1932331975191257,1.0414422291020553,1.210653717206283,159,0,0.011828760735881794,0.1692114881042277
ftbclip1,s2,77.64800271484376,2.184375137066803,1.046513751826503,1.2241673056374898,139,0,0.013631838003699048,0.1776535538109867
ftbclip5,s0,76.98000263183594,2.2878398622314515,1.0781707374209708,1.2439349209043113,144,0,0.06218456853037857,0.16576418348334054
ftbclip5,s1,78.02600249511718,2.2012924335729807,1.0411561279360093,1.205414981214386,154,0,0.014435422487365734,0.16425885327837664
ftbclip5,s2,77.77200247558594,2.186731549887321,1.0607266787326697,1.2236451514516815,154,0,0.011901674028008458,0.16291847271901183
ftb2i,s0,80.2440025390625,2.595353687850711,0.9428295193973816,0.9435301751575687,284,5,1.3797655309048986,0.0007006557601870744
ftb4i,s0,79.90600229492188,2.615863278042525,0.9531906934624369,0.9531906934624369,299,3,2.7914557355241127,0.0
ftb5i,s0,79.6700026171875,2.595886824282412,0.9733693124444196,0.9779292324727232,254,5,2.3997196663553138,0.004559920028303632
ftb6i,s0,79.66400235351563,2.559983952281376,0.9673031586589236,0.9732732528989966,264,3,1.0443512595330287,0.005970094240072998
ftb9i,s0,79.48800250976562,2.3617043245631533,0.9906570121194377,1.0441303071424817,179,0,0.04697216204248189,0.05347329502304399
ftb10i,s0,79.11000286132813,2.322826928088967,0.9841755729055766,1.0686482362674945,164,0,0.0105080573150933,0.08447266336191794
ftb1h,s0,78.5500023046875,2.2137902336410034,1.019571016457948,1.1690969714386896,164,0,0.010592515377375378,0.14952595498074173
ftb2h,s0,78.65400249023438,2.3166164831043434,1.0398983298377558,1.1359633857553655,174,0,0.01602969029679535,0.09606505591760972
ftb3h,s0,78.88800252441406,2.2996793431110487,1.0430094653909856,1.121245075242989,169,0,0.014583721542014594,0.0782356098520034
ftb4h,s0,79.68800243164063,2.3183347748425334,1.0112472471188416,1.0654436189568404,149,0,0.011369087339307082,0.05419637183799875
ftb5h,s0,78.84200249511719,2.3282008573341253,1.043025868634383,1.1342288928501534,164,0,0.01036150929016566,0.09120302421577042
ftb6h,s0,78.71800263183594,2.336875526712109,1.0421316570630579,1.1284173267583053,164,0,0.03241791573759123,0.08628566969524742
ftb7h,s0,79.66600251953125,2.331688537847442,0.9997330015581666,1.0723717965637192,164,0,0.02175780641249414,0.07263879500555259
ftb8h,s0,79.11000247070312,2.250115524989386,0.994833315525091,1.1168622478391186,179,0,0.04810236401569412,0.12202893231402756
ftb9h,s0,78.82200260742188,2.246626372795361,1.0113316215574741,1.1342900916934013,174,0,0.011082842659491998,0.1229584701359272
ftb10h,s0,78.6780026171875,2.2439310547346487,1.0151432229939736,1.1371344923973083,164,0,0.008446423253283264,0.12199126940333471
ftb11h,s0,79.85000254882813,2.3221397418289995,0.9856035333465446,1.0317876797282335,214,0,0.011328537088747037,0.046184146381688884
ftb0h,s0,80.09000260742188,2.5937834446294565,0.9637150843486642,0.9673054400041248,254,0,0.013780311108208654,0.0035903556554606197
